,protease_turn,merops_id,substrate_turn,uniprot_id,p1,negative_pattern,full_aa,start,end
0,1,S01.247,0,A3R530,320,TIEGLVYGNPSCDLLLEGREWSYIVERSSAVNGTCYPGNVENLEELRTLF,DKICIGHQSTNSTETVDTLTETNVPVTHAKELLHTEHNGMLCATNLGHPLILDTCTIEGLVYGNPSCDLLLEGREWSYIVERSSAVNGTCYPGNVENLEELRTLFSSASSYQRIQIFPDTIWNVTYTGISRSCSGSFYRSMRWLTQKSGFYPVQDAQYTNNRGKSILFVWGIHHPPTYTEQTNLYIRNDTTTSVTTEDLNRTFKPVIGPRPLVNGLQGRINYYWSVLKPGQTLRVRSNGNLIAPWYGHVLSGVSHGRILKTDLTSGNCVVQCQTEKGGLNSTLPFHNISKYAFGTCPKYVRVKSLKLAVGLRNVPARSSRGLFGAIAGFIEGGWPGLVAGWYGFQHSNDQGVGMAADRDSTQKAIDKITSKVNNIVDKMNKQYEIIDHEFSEVETRLNMINNKIDDQIQDIWAYNAELLVLLENQKTLDEHDANVNNLYNKVKRALGSNAMEDGKGCFELYHKCDDQCMETIRNGTYNRRKYKEESRLERQKIEGVKLESEGTYKILTIYSTVASSLV,295.0,345.0
1,1,S01.247,1,A3R534,338,KITSKVNNIVDKMNKQYEIIDHEFSEVETRLNMINNKIDDQIQDIWAYNA,METISLITILLVVTASNADKICIGHQSTNSTETVDTLTETNVPVTHAKELLHTEHNGMLCATNLGHPLILDTCTIEGLVYGNPSCDLLLEGREWSYIVERSSAVNGTCYPGNVENLEELRTLFSSASSYQRIQIFPDTIWNVTYTGTSRSCSGSFYRSMRWLTQKSGFYPVQDAQYTNNRGKSILFVWGIHHPPTYTEQTNLYIRNDTTTSVTTEDLNRTFKPVIGPRPLVNGLQGRINYYWSVLKPGQTLRVRSNGNLIAPWYGHVLSGVSHGRILKTDLTSGNCVVQCQTEKGGLNSTLPFHNISKYAFGTCPKYVRVKSLKLAVGLRNVPARSRRGLFGAIAGFIEGGWPGLVAGWYGFQHSNDQGVGMAADRDSTQKAIDKITSKVNNIVDKMNKQYEIIDHEFSEVETRLNMINNKIDDQIQDIWAYNAELLVLLENQKTLDEHDANVNNLYNKVKRALGSNAMEDGKGCFELYHKCDDQCMETIRNGTYNRRKYKEESRLERQKIEGVKLESEGTYKILTIYSTVASSLV,313.0,363.0
2,1,S01.247,2,F2P1E0,338,CRCNICI--------------------------------------------,METKAIIAALLMVTAANADKICIGYQSTNSTETVDTLTESNVPVTHTKELLHTEHNGMLCATDLGHPLILDTCTIEGLIYGNPSCDILLGGKEWSYIVERSSAVNGMCYPGNVENLEELRSLFSSAKSYKRIQIFPDKTWNVTYSGTSRACSNSFYRSMRWLTHKSNSYPFQNAHYTNNERENILFMWGIHHPPTDTEQTDLYKKADTTTSVTTEDINRTFKPVIGPRPLVNGQQGRIDYYWSVLKPGQTLRIRSNGNLIAPWYGHVLTGESHGRILKTDLNNGNCVVQCQTEKGGLNTTLPFHNISKYAFGNCPKYVGVKSLKLAVGLRNVPAVSSRGLFGAKAGFIEGGWPGLVAGWYGFQHSNDQGVGMAADKGSTQKAIDKITSKVNNIIDKMNKQYEVIDHEFNELEARLNMINNKIDDQIQDIWAYNAELLVLLENQKTLDEHDANVNNLYNKVKRALGSNAVEDGNGCFELYHKCDDQCMETIRNGTYDRQKYQEESRLERQKIEGVKLESEGTYKILTIYSTVASSLVLAMGFAAFLFWAMSNGSCRCNICI,313.0,363.0
3,1,S01.247,3,Q96T73,255,ACSSKAVVSLRCIACGVNLNSSRQSRIVGGESALPGAWPWQVSLHVQNVH,MALNSGSPPAIGPYYENHGYQPENPYPAQPTVVPTVYEVHPAQYYPSPVPQYAPRVLTQASNPVVCTQPKSPSGTVCTSKTKKALCITLTLGTFLVGAALAAGLLWKFMGSKCSNSGIECDSSGTCINPSNWCDGVSHCPGGEDENRCVRLYGPNFILQMYSSQRKSWHPVCQDDWNENYGRAACKDMGYKNNFYSSQGIVDDSGSTSFMKLNTSAGNVDIYKKLYHSDACSSKAVVSLRCIACGVNLNSSRQSRIVGGESALPGAWPWQVSLHVQNVHVCGGSIITPEWIVTAAHCVEKPLNNPWHWTAFAGILRQSFMFYGAGYQVEKVISHPNYDSKTKNNDIALMKLQKPLTFNDLVKPVCLPNPGMMLQPEQLCWISGWGATEEKGKTSEVLNAAKVLLIETQRCNSRYVYDNLITPAMICAGFLQGNVDSCQGDSGGPLVTSKNNIWWLIGDTSWGSGCAKAYRPGVYGNVMVFTDWIYRQMRADG,230.0,280.0
4,1,S01.247,4,P51170,135,DFFSIIARRQWQKAKEWWAWKQAPPCPEAPRSPQGQDNPALDIDDDLPTF,MAPGEKIKAKIKKNLPVTGPQAPTIKELMRWYCLNTNTHGCRRIVVSRGRLRRLLWIGFTLTAVALILWQCALLVFSFYTVSVSIKVHFRKLDFPAVTICNINPYKYSTVRHLLADLEQETREALKSLYGFPESRKRREAESWNSVSEGKQPRFSHRIPLLIFDQDEKGKARDFFTGRKRKVGGSIIHKASNVMHIESKQVVGFQLCSNDTSDCATYTFSSGINAIQEWYKLHYMNIMAQVPLEKKINMSYSAEELLVTCFFDGVSCDARNFTLFHHPMHGNCYTFNNRENETILSTSMGGSEYGLQVILYINEEEYNPFLVSSTGAKVIIHRQDEYPFVEDVGTEIETAMVTSIGMHLTESFKLSEPYSQCTEDGSDVPIRNIYNAAYSLQICLHSCFQTKMVEKCGCAQYSQPLPPAANYCNYQQHPNWMYCYYQLHRAFVQEELGCQSVCKEACSFKEWTLTTSLAQWPSVVSEKWLLPVLTWDQGRQVNKKLNKTDLAKLLIFYKDLNQRSIMESPANSIEMLLSNFGGQLGLWMSCSVVCVIEIIEVFFIDFFSIIARRQWQKAKEWWAWKQAPPCPEAPRSPQGQDNPALDIDDDLPTFNSALHLPPALGTQVPGTPPPKYNTLRLERAFSNQLTDTQMLDEL,110.0,160.0
15,1,S01.247,17,P51170,887,KLDFPAVTICNINPYKYSTVRHLLADLEQETREALKSLYGFPESRKRREA,MAPGEKIKAKIKKNLPVTGPQAPTIKELMRWYCLNTNTHGCRRIVVSRGRLRRLLWIGFTLTAVALILWQCALLVFSFYTVSVSIKVHFRKLDFPAVTICNINPYKYSTVRHLLADLEQETREALKSLYGFPESRKRREAESWNSVSEGKQPRFSHRIPLLIFDQDEKGKARDFFTGRKRKVGGSIIHKASNVMHIESKQVVGFQLCSNDTSDCATYTFSSGINAIQEWYKLHYMNIMAQVPLEKKINMSYSAEELLVTCFFDGVSCDARNFTLFHHPMHGNCYTFNNRENETILSTSMGGSEYGLQVILYINEEEYNPFLVSSTGAKVIIHRQDEYPFVEDVGTEIETAMVTSIGMHLTESFKLSEPYSQCTEDGSDVPIRNIYNAAYSLQICLHSCFQTKMVEKCGCAQYSQPLPPAANYCNYQQHPNWMYCYYQLHRAFVQEELGCQSVCKEACSFKEWTLTTSLAQWPSVVSEKWLLPVLTWDQGRQVNKKLNKTDLAKLLIFYKDLNQRSIMESPANSIEMLLSNFGGQLGLWMSCSVVCVIEIIEVFFIDFFSIIARRQWQKAKEWWAWKQAPPCPEAPRSPQGQDNPALDIDDDLPTFNSALHLPPALGTQVPGTPPPKYNTLRLERAFSNQLTDTQMLDEL,0.0,648.0
18,1,S01.247,18,P0DTC2,815,FGAGAALQIPFAMQMAYRFNGIGVTQNVLYENQKLIANQFNSAIGKIQDS,MFVFLVLLPLVSSQCVNLTTRTQLPPAYTNSFTRGVYYPDKVFRSSVLHSTQDLFLPFFSNVTWFHAIHVSGTNGTKRFDNPVLPFNDGVYFASTEKSNIIRGWIFGTTLDSKTQSLLIVNNATNVVIKVCEFQFCNDPFLGVYYHKNNKSWMESEFRVYSSANNCTFEYVSQPFLMDLEGKQGNFKNLREFVFKNIDGYFKIYSKHTPINLVRDLPQGFSALEPLVDLPIGINITRFQTLLALHRSYLTPGDSSSGWTAGAAAYYVGYLQPRTFLLKYNENGTITDAVDCALDPLSETKCTLKSFTVEKGIYQTSNFRVQPTESIVRFPNITNLCPFGEVFNATRFASVYAWNRKRISNCVADYSVLYNSASFSTFKCYGVSPTKLNDLCFTNVYADSFVIRGDEVRQIAPGQTGKIADYNYKLPDDFTGCVIAWNSNNLDSKVGGNYNYLYRLFRKSNLKPFERDISTEIYQAGSTPCNGVEGFNCYFPLQSYGFQPTNGVGYQPYRVVVLSFELLHAPATVCGPKKSTNLVKNKCVNFNFNGLTGTGVLTESNKKFLPFQQFGRDIADTTDAVRDPQTLEILDITPCSFGGVSVITPGTNTSNQVAVLYQDVNCTEVPVAIHADQLTPTWRVYSTGSNVFQTRAGCLIGAEHVNNSYECDIPIGAGICASYQTQTNSPRRARSVASQSIIAYTMSLGAENSVAYSNNSIAIPTNFTISVTTEILPVSMTKTSVDCTMYICGDSTECSNLLLQYGSFCTQLNRALTGIAVEQDKNTQEVFAQVKQIYKTPPIKDFGGFNFSQILPDPSKPSKRSFIEDLLFNKVTLADAGFIKQYGDCLGDIAARDLICAQKFNGLTVLPPLLTDEMIAQYTSALLAGTITSGWTFGAGAALQIPFAMQMAYRFNGIGVTQNVLYENQKLIANQFNSAIGKIQDSLSSTASALGKLQDVVNQNAQALNTLVKQLSSNFGAISSVLNDILSRLDKVEAEVQIDRLITGRLQSLQTYVTQQLIRAAEIRASANLAATKMSECVLGQSKRVDFCGKGYHLMSFPQSAPHGVVFLHVTYVPAQEKNFTTAPAICHDGKAHFPREGVFVSNGTHWFVTQRNFYEPQIITTDNTFVSGNCDVVIGIVNNTVYDPLQPELDSFKEELDKYFKNHTSPDVDLGDISGINASVVNIQKEIDRLNEVAKNLNESLIDLQELGKYEQYIKWPWYIWLGFIAGLIAIVMVTIMLCCMTSCCSCLKGCCSCGSCCKFDEDDSEPVLKGVKLHYT,790.0,840.0
19,1,S01.247,19,P59594,797,KTSEILDISPCSFGGVSVITPGTNASSEVAVLYQDVNCTDVSTAIHADQL,MFIFLLFLTLTSGSDLDRCTTFDDVQAPNYTQHTSSMRGVYYPDEIFRSDTLYLTQDLFLPFYSNVTGFHTINHTFGNPVIPFKDGIYFAATEKSNVVRGWVFGSTMNNKSQSVIIINNSTNVVIRACNFELCDNPFFAVSKPMGTQTHTMIFDNAFNCTFEYISDAFSLDVSEKSGNFKHLREFVFKNKDGFLYVYKGYQPIDVVRDLPSGFNTLKPIFKLPLGINITNFRAILTAFSPAQDIWGTSAAAYFVGYLKPTTFMLKYDENGTITDAVDCSQNPLAELKCSVKSFEIDKGIYQTSNFRVVPSGDVVRFPNITNLCPFGEVFNATKFPSVYAWERKKISNCVADYSVLYNSTFFSTFKCYGVSATKLNDLCFSNVYADSFVVKGDDVRQIAPGQTGVIADYNYKLPDDFMGCVLAWNTRNIDATSTGNYNYKYRYLRHGKLRPFERDISNVPFSPDGKPCTPPALNCYWPLNDYGFYTTTGIGYQPYRVVVLSFELLNAPATVCGPKLSTDLIKNQCVNFNFNGLTGTGVLTPSSKRFQPFQQFGRDVSDFTDSVRDPKTSEILDISPCSFGGVSVITPGTNASSEVAVLYQDVNCTDVSTAIHADQLTPAWRIYSTGNNVFQTQAGCLIGAEHVDTSYECDIPIGAGICASYHTVSLLRSTSQKSIVAYTMSLGADSSIAYSNNTIAIPTNFSISITTEVMPVSMAKTSVDCNMYICGDSTECANLLLQYGSFCTQLNRALSGIAAEQDRNTREVFAQVKQMYKTPTLKYFGGFNFSQILPDPLKPTKRSFIEDLLFNKVTLADAGFMKQYGECLGDINARDLICAQKFNGLTVLPPLLTDDMIAAYTAALVSGTATAGWTFGAGAALQIPFAMQMAYRFNGIGVTQNVLYENQKQIANQFNKAISQIQESLTTTSTALGKLQDVVNQNAQALNTLVKQLSSNFGAISSVLNDILSRLDKVEAEVQIDRLITGRLQSLQTYVTQQLIRAAEIRASANLAATKMSECVLGQSKRVDFCGKGYHLMSFPQAAPHGVVFLHVTYVPSQERNFTTAPAICHEGKAYFPREGVFVFNGTSWFITQRNFFSPQIITTDNTFVSGNCDVVIGIINNTVYDPLQPELDSFKEELDKYFKNHTSPDVDLGDISGINASVVNIQKEIDRLNEVAKNLNESLIDLQELGKYEQYIKWPWYVWLGFIAGLIAIVMVTILLCCMTSCCSCLKGACSCGSCCKFDEDDSEPVLKGVKLHYT,772.0,822.0
20,1,S01.247,20,O15393,255,CPGGEDENRCVRLYGPNFILQVYSSQRKSWHPVCQDDWNENYGRAACRDM,MALNSGSPPAIGPYYENHGYQPENPYPAQPTVVPTVYEVHPAQYYPSPVPQYAPRVLTQASNPVVCTQPKSPSGTVCTSKTKKALCITLTLGTFLVGAALAAGLLWKFMGSKCSNSGIECDSSGTCINPSNWCDGVSHCPGGEDENRCVRLYGPNFILQVYSSQRKSWHPVCQDDWNENYGRAACRDMGYKNNFYSSQGIVDDSGSTSFMKLNTSAGNVDIYKKLYHSDACSSKAVVSLRCIACGVNLNSSRQSRIVGGESALPGAWPWQVSLHVQNVHVCGGSIITPEWIVTAAHCVEKPLNNPWHWTAFAGILRQSFMFYGAGYQVEKVISHPNYDSKTKNNDIALMKLQKPLTFNDLVKPVCLPNPGMMLQPEQLCWISGWGATEEKGKTSEVLNAAKVLLIETQRCNSRYVYDNLITPAMICAGFLQGNVDSCQGDSGGPLVTSKNNIWWLIGDTSWGSGCAKAYRPGVYGNVMVFTDWIYRQMRADG,230.0,280.0
